kabkot,kabkot_kode,prov,year,lf_non1,lf_non2,lf_non,lf_sd,lf_smp,lf_sma1,lf_sma2,lf_sma,lf_tert11,lf_tert12,lf_tert2,lf_tert,lf
Kabupaten Pacitan,3501,35,2011,16371,36820,53191,134167,57355,13835,24450,38285,798,900,7529,9227,292225
Kabupaten Ponorogo,3502,35,2011,37628,93657,131285,134632,92122,47425,31904,79329,3457,5081,26161,34699,472067
Kabupaten Trenggalek,3503,35,2011,11108,55964,67072,153824,81151,27085,20238,47323,1392,2681,10932,15005,364375
Kabupaten Tulungagung,3504,35,2011,12014,84261,96275,174249,120503,51519,48109,99628,5107,6970,14946,27023,517678
Kabupaten Blitar,3505,35,2011,15191,104660,119851,197530,137963,68445,45056,113501,2213,5484,14296,21993,590838
Kabupaten Kediri,3506,35,2011,39354,101500,140854,252798,186319,94350,78065,172415,3944,6063,28803,38810,791196
Kabupaten Malang,3507,35,2011,61039,260326,321365,491573,230957,91621,99164,190785,9085,8037,43492,60614,1295294
Kabupaten Lumajang,3508,35,2011,73998,88172,162170,221374,69660,41162,19054,60216,2539,2004,13367,17910,531330
Kabupaten Jember,3509,35,2011,172626,302226,474852,381326,152007,104745,52845,157590,5176,2726,34983,42885,1208660
Kabupaten Banyuwangi,3510,35,2011,34526,147429,181955,295964,166682,98238,35854,134092,4834,8013,26246,39093,817786
Kabupaten Bondowoso,3511,35,2011,39244,113085,152329,120737,50506,38075,10735,48810,2901,4952,13107,20960,393342
Kabupaten Situbondo,3512,35,2011,70851,75156,146007,104511,43257,34295,10446,44741,2815,2321,10169,15305,353821
Kabupaten Probolinggo,3513,35,2011,81158,183195,264353,167141,57311,39057,19048,58105,3598,2285,16799,22682,569592
Kabupaten Pasuruan,3514,35,2011,48606,136213,184819,289264,116031,105191,62001,167192,3821,6072,30359,40252,797558
Kabupaten Sidoarjo,3515,35,2011,7225,73519,80744,160851,228460,235359,193921,429280,7804,25537,86359,119700,1019035
Kabupaten Mojokerto,3516,35,2011,10885,92957,103842,128664,138269,98054,52064,150118,1339,4652,16204,22195,543088
Kabupaten Jombang,3517,35,2011,29008,83764,112772,170838,167751,87464,45085,132549,5311,4129,26908,36348,620258
Kabupaten Nganjuk,3518,35,2011,31123,86126,117249,187358,107412,59309,38051,97360,4287,6278,23915,34480,543859
Kabupaten Madiun,3519,35,2011,31866,64418,96284,97927,56970,35250,53029,88279,974,5065,14127,20166,359626
Kabupaten Magetan,3520,35,2011,14553,39267,53820,90699,76739,41881,39522,81403,4474,4616,21842,30932,333593
Kabupaten Ngawi,3521,35,2011,51928,58921,110849,149978,83756,47090,29236,76326,2198,5058,20708,27964,448873
Kabupaten Bojonegoro,3522,35,2011,67280,99416,166696,211804,163998,85202,16961,102163,1854,0,16765,18619,663280
Kabupaten Tuban,3523,35,2011,68637,87539,156176,222809,114482,59619,28646,88265,1364,308,22222,23894,605626
Kabupaten Lamongan,3524,35,2011,22499,108342,130841,167597,159657,125503,20424,145927,1541,2996,27623,32160,636182
Kabupaten Gresik,3525,35,2011,8305,86159,94464,103886,128322,139610,75615,215225,7868,13824,48484,70176,612073
Kabupaten Bangkalan,3526,35,2011,109256,58793,168049,171953,32102,37068,5525,42593,1427,1924,15538,18889,433586
Kabupaten Sampang,3527,35,2011,155644,85600,241244,114398,31606,21217,952,22169,2821,3261,5005,11087,420504
Kabupaten Pamekasan,3528,35,2011,107177,44732,151909,115196,59591,37440,16307,53747,3265,814,15001,19080,399523
Kabupaten Sumenep,3529,35,2011,140737,89429,230166,173515,86586,62148,3111,65259,1471,834,13540,15845,571371
Kota Kediri,3571,35,2011,410,8263,8673,26361,29635,28553,24475,53028,3342,5538,13220,22100,139797
Kota Blitar,3572,35,2011,200,6837,7037,12456,13467,10579,12098,22677,1805,1301,8678,11784,67421
Kota Malang,3573,35,2011,4773,45277,50050,74185,86887,81348,66614,147962,5087,10433,52573,68093,427177
Kota Probolinggo,3574,35,2011,4588,9219,13807,16351,16491,18575,17303,35878,2577,3267,11372,17216,99743
Kota Pasuruan,3575,35,2011,1887,12358,14245,18911,19096,15994,16236,32230,675,1622,7103,9400,93882
Kota Mojokerto,3576,35,2011,1139,8051,9190,13112,13093,10980,10911,21891,858,1276,3643,5777,63063
Kota Madiun,3577,35,2011,1989,3789,5778,13719,17004,19388,21583,40971,682,2405,9777,12864,90336
Kota Surabaya,3578,35,2011,40733,102362,143095,241586,308418,394516,244604,639120,9201,27216,106511,142928,1475147
Kota Batu,3579,35,2011,705,14931,15636,29686,20442,13914,9725,23639,544,911,8223,9678,99081
Kabupaten Pacitan,3501,35,2012,15208,35194,50402,150815,77603,21477,24001,45478,NA,NA,12079,14127,338425
Kabupaten Ponorogo,3502,35,2012,42681,80536,123217,138395,101290,52912,40572,93484,NA,NA,30275,38328,494714
Kabupaten Trenggalek,3503,35,2012,17848,52574,70422,178532,84347,33358,28251,61609,NA,NA,9227,12274,407184
Kabupaten Tulungagung,3504,35,2012,8810,68607,77417,198573,126634,60746,50436,111182,NA,NA,24202,31661,545467
Kabupaten Blitar,3505,35,2012,15415,83831,99246,234703,144972,72761,46014,118775,NA,NA,22913,30424,628120
Kabupaten Kediri,3506,35,2012,34754,126478,161232,242235,173382,82866,84030,166896,NA,NA,34198,47944,791689
Kabupaten Malang,3507,35,2012,60862,229422,290284,508357,235055,106590,112687,219277,NA,NA,32519,52154,1305127
Kabupaten Lumajang,3508,35,2012,43532,70360,113892,269166,65929,45922,11332,57254,NA,NA,6601,14259,520500
Kabupaten Jember,3509,35,2012,136372,320352,456724,355844,132453,89331,53006,142337,NA,NA,28204,41146,1128504
Kabupaten Banyuwangi,3510,35,2012,56461,208205,264666,232659,155726,115255,68016,183271,NA,NA,21817,34626,870948
Kabupaten Bondowoso,3511,35,2012,46151,97689,143840,128858,49091,35674,17962,53636,NA,NA,18684,27520,402945
Kabupaten Situbondo,3512,35,2012,65569,75993,141562,111553,39237,33302,11595,44897,NA,NA,10544,15282,352531
Kabupaten Probolinggo,3513,35,2012,82963,201435,284398,174267,72391,39178,27076,66254,NA,NA,17602,26227,623537
Kabupaten Pasuruan,3514,35,2012,30388,152617,183005,281949,137093,87467,69822,157289,NA,NA,31466,44944,804280
Kabupaten Sidoarjo,3515,35,2012,2654,56583,59237,160574,184967,211300,215407,426707,NA,NA,117746,143425,974910
Kabupaten Mojokerto,3516,35,2012,8165,90777,98942,132740,137223,94642,47264,141906,NA,NA,30067,35344,546155
Kabupaten Jombang,3517,35,2012,9191,91262,100453,181701,134945,89727,52022,141749,NA,NA,30632,43066,601914
Kabupaten Nganjuk,3518,35,2012,27973,82807,110780,202277,101312,42691,44340,87031,NA,NA,16176,22302,523702
Kabupaten Madiun,3519,35,2012,25228,67704,92932,92459,61196,39629,50643,90272,NA,NA,20183,23900,360759
Kabupaten Magetan,3520,35,2012,10908,44786,55694,99540,60271,48788,47365,96153,NA,NA,30490,40811,352469
Kabupaten Ngawi,3521,35,2012,43849,58273,102122,153053,75701,37421,25575,62996,NA,NA,14460,23688,417560
Kabupaten Bojonegoro,3522,35,2012,39947,77893,117840,249031,146936,96788,18637,115425,NA,NA,18996,21346,650578
Kabupaten Tuban,3523,35,2012,36109,82378,118487,243010,110716,58673,24832,83505,NA,NA,11574,18844,574562
Kabupaten Lamongan,3524,35,2012,18840,94526,113366,173107,131426,123775,36853,160628,NA,NA,35483,40304,618831
Kabupaten Gresik,3525,35,2012,15070,32480,47550,113307,104046,151776,66488,218264,NA,NA,56707,74456,557623
Kabupaten Bangkalan,3526,35,2012,96422,66265,162687,206724,36340,25651,7768,33419,NA,NA,14788,15973,455143
Kabupaten Sampang,3527,35,2012,147549,98735,246284,157994,34707,23092,191,23283,NA,NA,9151,14616,476884
Kabupaten Pamekasan,3528,35,2012,146034,40338,186372,135862,59230,35745,13407,49152,NA,NA,21029,28113,458729
Kabupaten Sumenep,3529,35,2012,146300,102218,248518,224925,80500,54733,880,55613,NA,NA,15664,17832,627388
Kota Kediri,3571,35,2012,585,8212,8797,23904,26693,34041,21948,55989,NA,NA,17045,23207,138590
Kota Blitar,3572,35,2012,543,5176,5719,14716,8906,11311,10375,21686,NA,NA,10323,13904,64931
Kota Malang,3573,35,2012,6425,56037,62462,58494,73424,66784,70113,136897,NA,NA,68902,82656,413933
Kota Probolinggo,3574,35,2012,4086,10431,14517,19400,12809,21044,21527,42571,NA,NA,14860,19984,109281
Kota Pasuruan,3575,35,2012,1356,11880,13236,16444,13843,17479,19934,37413,NA,NA,10850,12660,93596
Kota Mojokerto,3576,35,2012,1374,7886,9260,12439,12486,10947,13666,24613,NA,NA,5120,6095,64893
Kota Madiun,3577,35,2012,1124,2567,3691,10343,12756,22018,20966,42984,NA,NA,11225,13972,83746
Kota Surabaya,3578,35,2012,28461,87998,116459,247428,283445,346356,234482,580838,NA,NA,145974,191507,1419677
Kota Batu,3579,35,2012,1689,14496,16185,28595,18582,15349,10655,26004,NA,NA,9698,12367,101733
Kabupaten Pacitan,3501,35,2013,18677,42182,60859,142707,77677,19537,21978,41515,NA,NA,12965,14382,337140
Kabupaten Ponorogo,3502,35,2013,33194,85317,118511,146289,97471,45277,43164,88441,NA,NA,26699,30973,481685
Kabupaten Trenggalek,3503,35,2013,19381,49179,68560,176753,92054,24353,33337,57690,NA,NA,12075,12567,407624
Kabupaten Tulungagung,3504,35,2013,12736,63447,76183,214479,118437,58294,46024,104318,NA,NA,24379,27721,541138
Kabupaten Blitar,3505,35,2013,12334,84773,97107,234806,137689,63909,41685,105594,NA,NA,29649,41063,616259
Kabupaten Kediri,3506,35,2013,24259,119180,143439,244073,168308,93327,87094,180421,NA,NA,37198,42722,778963
Kabupaten Malang,3507,35,2013,57359,255285,312644,453991,257928,105741,113821,219562,NA,NA,32059,48114,1292239
Kabupaten Lumajang,3508,35,2013,47278,86930,134208,234560,69245,42470,11400,53870,NA,NA,10736,16608,508491
Kabupaten Jember,3509,35,2013,133477,271862,405339,418413,161267,91121,38532,129653,NA,NA,26651,35724,1150396
Kabupaten Banyuwangi,3510,35,2013,52088,160752,212840,281837,190729,90902,62155,153057,NA,NA,21019,27284,865747
Kabupaten Bondowoso,3511,35,2013,47799,112582,160381,100636,44921,37002,21628,58630,NA,NA,17861,23209,387777
Kabupaten Situbondo,3512,35,2013,56161,92903,149064,97078,38375,35313,11701,47014,NA,NA,15967,18245,349776
Kabupaten Probolinggo,3513,35,2013,90535,162417,252952,184985,63612,55392,22055,77447,NA,NA,23217,29282,608278
Kabupaten Pasuruan,3514,35,2013,31089,144657,175746,289347,119903,115291,73435,188726,NA,NA,36571,46612,820334
Kabupaten Sidoarjo,3515,35,2013,5242,41931,47173,146120,210176,254317,197914,452231,NA,NA,147424,171962,1027662
Kabupaten Mojokerto,3516,35,2013,7597,75166,82763,135232,128315,96335,62615,158950,NA,NA,23651,33196,538456
Kabupaten Jombang,3517,35,2013,14211,74649,88860,161404,160238,86075,45103,131178,NA,NA,31008,43207,584887
Kabupaten Nganjuk,3518,35,2013,23455,84953,108408,181022,117042,53579,46013,99592,NA,NA,29390,34799,540863
Kabupaten Madiun,3519,35,2013,31027,50864,81891,93691,71837,43359,49219,92578,NA,NA,14115,20088,360085
Kabupaten Magetan,3520,35,2013,8936,38331,47267,102182,50797,49371,61553,110924,NA,NA,29800,35848,347018
Kabupaten Ngawi,3521,35,2013,38025,65156,103181,156685,108890,45261,31832,77093,NA,NA,13874,19436,465285
Kabupaten Bojonegoro,3522,35,2013,31802,88546,120348,248914,173741,102186,19921,122107,NA,NA,18851,20456,685566
Kabupaten Tuban,3523,35,2013,48088,92577,140665,230461,115697,73436,28125,101561,NA,NA,14923,19925,608309
Kabupaten Lamongan,3524,35,2013,17127,90113,107240,155237,162802,136733,32669,169402,NA,NA,32803,39321,634002
Kabupaten Gresik,3525,35,2013,13652,44343,57995,105896,126400,163984,61035,225019,NA,NA,75194,97011,612321
Kabupaten Bangkalan,3526,35,2013,102205,64153,166358,207807,40778,31255,6189,37444,NA,NA,11950,13784,466171
Kabupaten Sampang,3527,35,2013,156753,96913,253666,115393,46833,29012,1232,30244,NA,NA,11034,14286,460422
Kabupaten Pamekasan,3528,35,2013,172151,53808,225959,123344,40794,48691,9031,57722,NA,NA,19600,24832,472651
Kabupaten Sumenep,3529,35,2013,146346,101557,247903,204901,90530,57688,2343,60031,NA,NA,15332,16889,620254
Kota Kediri,3571,35,2013,1064,6442,7506,23218,20238,37571,23414,60985,NA,NA,18569,23632,135579
Kota Blitar,3572,35,2013,314,3811,4125,11770,10020,11579,14656,26235,NA,NA,12452,15530,67680
Kota Malang,3573,35,2013,1374,31656,33030,78335,71732,76377,86993,163370,NA,NA,67597,84936,431403
Kota Probolinggo,3574,35,2013,3526,9094,12620,18753,13085,19425,21361,40786,NA,NA,14222,19642,104886
Kota Pasuruan,3575,35,2013,947,10142,11089,21046,11113,19767,17947,37714,NA,NA,12717,15860,96822
Kota Mojokerto,3576,35,2013,751,5680,6431,11664,15848,11700,14487,26187,NA,NA,3779,4974,65104
Kota Madiun,3577,35,2013,657,3657,4314,9772,14439,27456,18441,45897,NA,NA,11168,14892,89314
Kota Surabaya,3578,35,2013,25930,88882,114812,226524,254981,372918,308018,680936,NA,NA,161358,196212,1473465
Kota Batu,3579,35,2013,1386,13618,15004,31760,17636,17557,11104,28661,NA,NA,8804,10682,103743
Kabupaten Pacitan,3501,35,2014,17308,52484,69792,150518,72161,22071,20132,42203,NA,NA,12765,14381,349055
Kabupaten Ponorogo,3502,35,2014,18039,126262,144301,151071,88807,55274,29305,84579,NA,NA,24805,27685,496443
Kabupaten Trenggalek,3503,35,2014,11544,57497,69041,177069,92560,26752,25764,52516,NA,NA,6023,7898,399084
Kabupaten Tulungagung,3504,35,2014,11415,60678,72093,216502,124289,62453,45626,108079,NA,NA,32535,44188,565151
Kabupaten Blitar,3505,35,2014,11888,90356,102244,200152,150134,58036,51784,109820,NA,NA,33360,43726,606076
Kabupaten Kediri,3506,35,2014,15139,116073,131212,258275,165495,97675,92361,190036,NA,NA,36502,40632,785650
Kabupaten Malang,3507,35,2014,49883,244089,293972,449893,232505,117306,115273,232579,NA,NA,51549,64648,1273597
Kabupaten Lumajang,3508,35,2014,46259,84951,131210,222564,77396,48948,12953,61901,NA,NA,14748,21595,514666
Kabupaten Jember,3509,35,2014,138335,273166,411501,395556,140231,99016,50681,149697,NA,NA,47796,60477,1157462
Kabupaten Banyuwangi,3510,35,2014,48637,136765,185402,269335,174969,94302,81720,176022,NA,NA,27777,35462,841190
Kabupaten Bondowoso,3511,35,2014,55336,115180,170516,113455,46987,40941,19343,60284,NA,NA,20673,24903,416145
Kabupaten Situbondo,3512,35,2014,55647,81553,137200,94248,28677,43828,18859,62687,NA,NA,20648,25734,348546
Kabupaten Probolinggo,3513,35,2014,79856,168139,247995,183510,67450,54208,19668,73876,NA,NA,22777,28522,601353
Kabupaten Pasuruan,3514,35,2014,46800,148933,195733,292639,134339,109421,69931,179352,NA,NA,33942,41622,843685
Kabupaten Sidoarjo,3515,35,2014,4484,36184,40668,160705,188815,255422,230126,485548,NA,NA,155910,193972,1069708
Kabupaten Mojokerto,3516,35,2014,7207,76394,83601,139657,132692,98623,66242,164865,NA,NA,25250,32590,553405
Kabupaten Jombang,3517,35,2014,9736,73759,83495,166013,150832,95597,61836,157433,NA,NA,34919,46399,604172
Kabupaten Nganjuk,3518,35,2014,33478,92166,125644,178845,94331,56683,51321,108004,NA,NA,22112,27183,534007
Kabupaten Madiun,3519,35,2014,24323,62006,86329,112616,65229,37035,40108,77143,NA,NA,18044,21469,362786
Kabupaten Magetan,3520,35,2014,12373,47155,59528,93951,62781,38896,52866,91762,NA,NA,28515,35528,343550
Kabupaten Ngawi,3521,35,2014,49821,57720,107541,141047,83345,36896,47965,84861,NA,NA,16581,20580,437374
Kabupaten Bojonegoro,3522,35,2014,31127,88695,119822,237618,127979,97810,25277,123087,NA,NA,18525,19857,628363
Kabupaten Tuban,3523,35,2014,41389,82452,123841,204393,103191,76383,36550,112933,NA,NA,15810,24827,569185
Kabupaten Lamongan,3524,35,2014,16900,88380,105280,166625,139687,129629,31281,160910,NA,NA,30623,39119,611621
Kabupaten Gresik,3525,35,2014,6854,58357,65211,98765,90521,172632,73408,246040,NA,NA,78731,92032,592569
Kabupaten Bangkalan,3526,35,2014,75402,88695,164097,219616,35597,29316,8064,37380,NA,NA,14750,16721,473411
Kabupaten Sampang,3527,35,2014,154610,102674,257284,154131,45318,31844,1991,33835,NA,NA,14354,17037,507605
Kabupaten Pamekasan,3528,35,2014,153443,49841,203284,104965,56950,57918,13715,71633,NA,NA,24348,32249,469081
Kabupaten Sumenep,3529,35,2014,152826,115740,268566,189958,75663,55964,4523,60487,NA,NA,24279,27786,622460
Kota Kediri,3571,35,2014,763,4969,5732,25611,23545,39014,25600,64614,NA,NA,21367,25924,145426
Kota Blitar,3572,35,2014,376,3690,4066,11550,11965,12043,15043,27086,NA,NA,11195,14698,69365
Kota Malang,3573,35,2014,1691,36043,37734,76694,86424,70784,87018,157802,NA,NA,52213,64977,423631
Kota Probolinggo,3574,35,2014,4249,14420,18669,16797,14581,19415,22907,42322,NA,NA,16378,21153,113522
Kota Pasuruan,3575,35,2014,1017,10665,11682,18166,12428,19627,21027,40654,NA,NA,11853,14197,97127
Kota Mojokerto,3576,35,2014,794,4728,5522,12422,12244,11448,15948,27396,NA,NA,5442,7046,64630
Kota Madiun,3577,35,2014,508,3348,3856,9833,12582,21405,22774,44179,NA,NA,12292,16168,86618
Kota Surabaya,3578,35,2014,45179,82500,127679,236012,242579,333591,302603,636194,NA,NA,170969,223038,1465502
Kota Batu,3579,35,2014,804,15385,16189,32437,18132,18175,12689,30864,NA,NA,8055,9155,106777
Kabupaten Pacitan,3501,35,2015,16523,42037,58560,136787,76797,25323,35854,61177,NA,NA,17614,19851,353172
Kabupaten Ponorogo,3502,35,2015,18338,102560,120898,147635,90398,45239,46912,92151,NA,NA,28498,34163,485245
Kabupaten Trenggalek,3503,35,2015,8321,44114,52435,167256,88478,40745,39247,79992,NA,NA,12323,16386,404547
Kabupaten Tulungagung,3504,35,2015,8055,44371,52426,181477,124864,90615,58851,149466,NA,NA,35442,39233,547466
Kabupaten Blitar,3505,35,2015,18148,71332,89480,179314,142943,77757,54321,132078,NA,NA,40457,53824,597639
Kabupaten Kediri,3506,35,2015,31433,104692,136125,250380,164493,101580,96318,197898,NA,NA,40777,51998,800894
Kabupaten Malang,3507,35,2015,24775,191191,215966,435009,285589,135606,148843,284449,NA,NA,55947,71330,1292343
Kabupaten Lumajang,3508,35,2015,38903,102479,141382,192926,96452,65305,13815,79120,NA,NA,18110,22125,532005
Kabupaten Jember,3509,35,2015,136937,241378,378315,350327,165686,130131,73345,203476,NA,NA,62137,75335,1173139
Kabupaten Banyuwangi,3510,35,2015,48812,170157,218969,261404,168086,122465,71362,193827,NA,NA,40291,51530,893816
Kabupaten Bondowoso,3511,35,2015,51720,140987,192707,117747,45741,31963,23332,55295,NA,NA,11511,13361,424851
Kabupaten Situbondo,3512,35,2015,54805,80806,135611,100526,48603,36376,20189,56565,NA,NA,17513,23529,364834
Kabupaten Probolinggo,3513,35,2015,47839,186808,234647,198304,73478,50026,23439,73465,NA,NA,16029,21787,601681
Kabupaten Pasuruan,3514,35,2015,31243,121295,152538,244874,138206,132930,92005,224935,NA,NA,45292,54475,815028
Kabupaten Sidoarjo,3515,35,2015,1507,44881,46388,139664,186702,321325,226537,547862,NA,NA,132492,162903,1083519
Kabupaten Mojokerto,3516,35,2015,10849,81662,92511,110201,120972,114551,78469,193020,NA,NA,43561,58626,575330
Kabupaten Jombang,3517,35,2015,9191,69191,78382,161568,191576,85368,70952,156320,NA,NA,50356,59596,647442
Kabupaten Nganjuk,3518,35,2015,8470,56708,65178,191591,117407,64157,46922,111079,NA,NA,25106,31718,516973
Kabupaten Madiun,3519,35,2015,17285,45431,62716,94111,70575,38900,56880,95780,NA,NA,22506,28570,351752
Kabupaten Magetan,3520,35,2015,10188,38249,48437,106928,77015,40158,57948,98106,NA,NA,15925,22340,352826
Kabupaten Ngawi,3521,35,2015,27340,48402,75742,159884,83094,50850,32996,83846,NA,NA,20788,28465,431031
Kabupaten Bojonegoro,3522,35,2015,30020,89912,119932,213302,116853,92257,44536,136793,NA,NA,49722,53386,640266
Kabupaten Tuban,3523,35,2015,24833,72483,97316,218834,127989,86319,33380,119699,NA,NA,28781,39201,603039
Kabupaten Lamongan,3524,35,2015,21069,95274,116343,173662,132578,136915,33421,170336,NA,NA,35109,40129,633048
Kabupaten Gresik,3525,35,2015,10318,39022,49340,114245,143106,175669,65340,241009,NA,NA,54307,64021,611721
Kabupaten Bangkalan,3526,35,2015,78462,71203,149665,196192,69499,39428,8306,47734,NA,NA,15771,18262,481352
Kabupaten Sampang,3527,35,2015,123937,102052,225989,146197,36357,25292,4856,30148,NA,NA,18879,20309,459000
Kabupaten Pamekasan,3528,35,2015,50751,64712,115463,140967,73933,63681,12691,76372,NA,NA,30621,37546,444281
Kabupaten Sumenep,3529,35,2015,135228,117517,252745,146707,67685,79893,2265,82158,NA,NA,31826,43848,593143
Kota Kediri,3571,35,2015,1654,8166,9820,21450,21682,32899,28348,61247,NA,NA,24920,28429,142628
Kota Blitar,3572,35,2015,422,6721,7143,10223,12529,14501,16396,30897,NA,NA,12084,14724,75516
Kota Malang,3573,35,2015,3913,29072,32985,57310,56104,75135,59780,134915,NA,NA,97287,125621,406935
Kota Probolinggo,3574,35,2015,5157,14112,19269,23163,15353,17000,19992,36992,NA,NA,12305,14559,109336
Kota Pasuruan,3575,35,2015,2388,11968,14356,19549,14015,19047,16045,35092,NA,NA,12281,14481,97493
Kota Mojokerto,3576,35,2015,153,3014,3167,9892,9955,16860,15686,32546,NA,NA,8932,11519,67079
Kota Madiun,3577,35,2015,713,4143,4856,13910,13347,20466,20866,41332,NA,NA,14532,17276,90721
Kota Surabaya,3578,35,2015,14509,78134,92643,233858,245299,361508,293001,654509,NA,NA,202689,241785,1468094
Kota Batu,3579,35,2015,357,11017,11374,27929,17662,17462,14629,32091,NA,NA,13454,16440,105496
Kabupaten Pacitan,3501,35,2017,10438,23008,33446,166114,77374,25959,25626,51585,NA,NA,21316,23773,352292
Kabupaten Ponorogo,3502,35,2017,33549,60485,94034,147693,93832,78694,48149,126843,NA,NA,36671,44446,506848
Kabupaten Trenggalek,3503,35,2017,1493,48475,49968,155538,89715,41982,28171,70153,NA,NA,23755,27043,392417
Kabupaten Tulungagung,3504,35,2017,5146,52386,57532,197766,130856,60564,46766,107330,NA,NA,38154,43597,537081
Kabupaten Blitar,3505,35,2017,7584,125315,132899,179058,152703,70142,67774,137916,NA,NA,26010,35559,638135
Kabupaten Kediri,3506,35,2017,17885,113842,131727,250855,176357,123875,104098,227973,NA,NA,48949,67084,853996
Kabupaten Malang,3507,35,2017,24517,199603,224120,445021,254971,144218,146383,290601,NA,NA,85729,103898,1318611
Kabupaten Lumajang,3508,35,2017,44413,62912,107325,196641,79283,67325,23293,90618,NA,NA,35340,41649,515516
Kabupaten Jember,3509,35,2017,92675,307898,400573,397769,192202,120879,83465,204344,NA,NA,72400,86354,1281242
Kabupaten Banyuwangi,3510,35,2017,52989,134833,187822,256860,186936,141488,75932,217420,NA,NA,42074,57697,906735
Kabupaten Bondowoso,3511,35,2017,36088,121185,157273,142524,50943,38494,24371,62865,NA,NA,24550,30717,444322
Kabupaten Situbondo,3512,35,2017,25793,113127,138920,91465,53306,48979,23996,72975,NA,NA,23542,26351,383017
Kabupaten Probolinggo,3513,35,2017,36764,127025,163789,201343,94747,75536,22025,97561,NA,NA,31040,33494,590934
Kabupaten Pasuruan,3514,35,2017,23537,98026,121563,249299,165543,133060,89203,222263,NA,NA,51759,60654,819322
Kabupaten Sidoarjo,3515,35,2017,2779,33168,35947,134046,164243,286137,236055,522192,NA,NA,188586,218931,1075359
Kabupaten Mojokerto,3516,35,2017,19946,47990,67936,152241,146164,104309,109904,214213,NA,NA,33449,40105,620659
Kabupaten Jombang,3517,35,2017,12181,91167,103348,144780,176191,102263,86048,188311,NA,NA,43955,51759,664389
Kabupaten Nganjuk,3518,35,2017,11967,42952,54919,171388,114763,58409,72055,130464,NA,NA,28492,32625,504159
Kabupaten Madiun,3519,35,2017,11954,38048,50002,104432,67503,44063,54490,98553,NA,NA,23584,29175,349665
Kabupaten Magetan,3520,35,2017,6712,52548,59260,110738,76124,40645,59373,100018,NA,NA,35050,44468,390608
Kabupaten Ngawi,3521,35,2017,20997,70840,91837,154223,72899,36334,50857,87191,NA,NA,25248,30105,436255
Kabupaten Bojonegoro,3522,35,2017,67673,67498,135171,233543,132880,92345,48771,141116,NA,NA,39132,48029,690739
Kabupaten Tuban,3523,35,2017,55331,96737,152068,212421,110311,89584,46390,135974,NA,NA,37201,43207,653981
Kabupaten Lamongan,3524,35,2017,59805,40865,100670,152291,138083,125114,56092,181206,NA,NA,61777,66080,638330
Kabupaten Gresik,3525,35,2017,3107,41459,44566,136390,131109,154930,92617,247547,NA,NA,88290,103006,662618
Kabupaten Bangkalan,3526,35,2017,75626,67002,142628,174176,76726,54320,10095,64415,NA,NA,21507,24689,482634
Kabupaten Sampang,3527,35,2017,126871,101107,227978,127658,52343,41315,6932,48247,NA,NA,18797,21505,477731
Kabupaten Pamekasan,3528,35,2017,75934,74589,150523,125190,55121,58208,21586,79794,NA,NA,47131,52773,463401
Kabupaten Sumenep,3529,35,2017,146707,84691,231398,200510,80832,73952,6810,80762,NA,NA,30430,36382,629884
Kota Kediri,3571,35,2017,1479,6203,7682,21934,21251,35999,33158,69157,NA,NA,20339,24664,144688
Kota Blitar,3572,35,2017,238,7477,7715,11657,14290,13906,17582,31488,NA,NA,9872,12524,77674
Kota Malang,3573,35,2017,7467,38752,46219,63855,62253,75678,69443,145121,NA,NA,106294,125587,443035
Kota Probolinggo,3574,35,2017,1597,13859,15456,29312,15612,20808,18413,39221,NA,NA,15283,19247,118848
Kota Pasuruan,3575,35,2017,763,9357,10120,19340,13821,21810,20315,42125,NA,NA,12080,14087,99493
Kota Mojokerto,3576,35,2017,166,5292,5458,8847,9013,15021,14786,29807,NA,NA,11461,14110,67235
Kota Madiun,3577,35,2017,622,4031,4653,8792,14339,20017,23966,43983,NA,NA,18991,22668,94435
Kota Surabaya,3578,35,2017,15793,103004,118797,189181,210718,375070,315323,690393,NA,NA,241243,286748,1495837
Kota Batu,3579,35,2017,248,12559,12807,26187,24501,22906,15527,38433,NA,NA,10065,13663,115591
Kabupaten Pacitan,3501,35,2018,7622,32725,40347,151899,82235,23332,30497,53829,NA,NA,22893,25535,353845
Kabupaten Ponorogo,3502,35,2018,39965,49372,89337,138421,117829,64722,52692,117414,NA,NA,32554,42249,505250
Kabupaten Trenggalek,3503,35,2018,2471,47196,49667,171160,92575,47699,31475,79174,NA,NA,21127,23933,416509
Kabupaten Tulungagung,3504,35,2018,4882,49137,54019,208337,144311,61578,55556,117134,NA,NA,40385,45509,569310
Kabupaten Blitar,3505,35,2018,15403,95911,111314,197437,145770,77732,69701,147433,NA,NA,29796,36506,638460
Kabupaten Kediri,3506,35,2018,25030,98470,123500,221960,170084,116315,120588,236903,NA,NA,52023,65938,818385
Kabupaten Malang,3507,35,2018,16921,243425,260346,454383,275850,154132,151913,306045,NA,NA,88755,102986,1399610
Kabupaten Lumajang,3508,35,2018,37730,75057,112787,228807,81162,61018,26755,87773,NA,NA,34161,43394,553923
Kabupaten Jember,3509,35,2018,120911,289339,410250,364271,196213,139152,72150,211302,NA,NA,75900,94636,1276672
Kabupaten Banyuwangi,3510,35,2018,27502,141071,168573,274725,187441,131124,85504,216628,NA,NA,38460,55989,903356
Kabupaten Bondowoso,3511,35,2018,36969,130101,167070,116009,48641,46552,30398,76950,NA,NA,22212,27860,436530
Kabupaten Situbondo,3512,35,2018,35190,97396,132586,103902,54243,48004,23941,71945,NA,NA,24645,27590,390266
Kabupaten Probolinggo,3513,35,2018,51891,116136,168027,203906,103452,75649,30095,105744,NA,NA,29926,31634,612763
Kabupaten Pasuruan,3514,35,2018,22710,148558,171268,232786,150639,134893,116914,251807,NA,NA,48925,58030,864530
Kabupaten Sidoarjo,3515,35,2018,1043,25651,26694,119816,184695,298556,243628,542184,NA,NA,186332,221261,1094650
Kabupaten Mojokerto,3516,35,2018,3660,67333,70993,144763,149750,119570,91572,211142,NA,NA,34869,40085,616733
Kabupaten Jombang,3517,35,2018,3944,78830,82774,159821,172970,110230,82319,192549,NA,NA,57172,66039,674153
Kabupaten Nganjuk,3518,35,2018,15135,59698,74833,178061,125180,73359,66299,139658,NA,NA,31757,38209,555941
Kabupaten Madiun,3519,35,2018,14119,52279,66398,94153,72803,48989,63200,112189,NA,NA,25467,31405,376948
Kabupaten Magetan,3520,35,2018,2914,54331,57245,110756,73976,39439,66515,105954,NA,NA,35134,45195,393126
Kabupaten Ngawi,3521,35,2018,19205,77463,96668,168619,98601,44261,60111,104372,NA,NA,26634,30844,499104
Kabupaten Bojonegoro,3522,35,2018,48833,72906,121739,206065,122138,96744,64130,160874,NA,NA,39307,50353,661169
Kabupaten Tuban,3523,35,2018,48541,91282,139823,213982,127162,86739,50875,137614,NA,NA,35554,40918,659499
Kabupaten Lamongan,3524,35,2018,19927,87708,107635,142102,130447,136589,53987,190576,NA,NA,58275,64085,634845
Kabupaten Gresik,3525,35,2018,6005,40225,46230,122782,130969,170361,85994,256355,NA,NA,90711,108187,664523
Kabupaten Bangkalan,3526,35,2018,64256,90418,154674,159222,85336,63590,8455,72045,NA,NA,20128,22992,494269
Kabupaten Sampang,3527,35,2018,108128,120139,228267,113156,45845,47439,10137,57576,NA,NA,24603,27790,472634
Kabupaten Pamekasan,3528,35,2018,62486,82477,144963,127745,48748,68038,21877,89915,NA,NA,41724,46715,458086
Kabupaten Sumenep,3529,35,2018,144242,85562,229804,199373,63418,79314,9687,89001,NA,NA,34454,38063,619659
Kota Kediri,3571,35,2018,832,7178,8010,19232,21710,36995,33200,70195,NA,NA,21469,26409,145556
Kota Blitar,3572,35,2018,254,5627,5881,13592,14507,14147,16837,30984,NA,NA,10967,13856,78820
Kota Malang,3573,35,2018,3360,33537,36897,73601,65410,71915,82049,153964,NA,NA,107342,124977,454849
Kota Probolinggo,3574,35,2018,1330,12450,13780,26443,16544,20093,20261,40354,NA,NA,14638,18619,115740
Kota Pasuruan,3575,35,2018,359,10430,10789,16486,15989,19269,21658,40927,NA,NA,13126,15106,99297
Kota Mojokerto,3576,35,2018,125,4587,4712,9381,10291,15025,13947,28972,NA,NA,12067,15156,68512
Kota Madiun,3577,35,2018,347,2915,3262,9284,13871,18692,23041,41733,NA,NA,18273,22208,90358
Kota Surabaya,3578,35,2018,13112,87365,100477,180955,240085,377861,305952,683813,NA,NA,258945,314711,1520041
Kota Batu,3579,35,2018,220,11192,11412,27304,23057,21221,16875,38096,NA,NA,9265,12633,112502
Kabupaten Pacitan,3501,35,2019,8594,43923,52517,126589,80683,37260,34670,71930,NA,NA,22399,24583,356302
Kabupaten Ponorogo,3502,35,2019,21548,73635,95183,132904,108877,67224,50206,117430,NA,NA,36596,46063,500457
Kabupaten Trenggalek,3503,35,2019,5514,32663,38177,171620,85270,39401,41639,81040,NA,NA,26400,31713,407820
Kabupaten Tulungagung,3504,35,2019,6103,38288,44391,196775,140129,69734,68173,137907,NA,NA,46526,52609,571811
Kabupaten Blitar,3505,35,2019,10290,97331,107621,206830,148726,76095,72572,148667,NA,NA,42229,51098,662942
Kabupaten Kediri,3506,35,2019,17412,101342,118754,229327,195894,126699,121678,248377,NA,NA,64076,79805,872157
Kabupaten Malang,3507,35,2019,24588,178301,202889,483870,288226,153389,184024,337413,NA,NA,84273,105165,1417563
Kabupaten Lumajang,3508,35,2019,29892,80938,110830,221264,85756,60201,28842,89043,NA,NA,27081,32477,539370
Kabupaten Jember,3509,35,2019,97819,250190,348009,394208,212370,125036,102017,227053,NA,NA,72070,87834,1269474
Kabupaten Banyuwangi,3510,35,2019,30556,152099,182655,248329,190831,129325,93603,222928,NA,NA,51223,63567,908310
Kabupaten Bondowoso,3511,35,2019,31508,141175,172683,133780,60096,45879,25534,71413,NA,NA,24047,28850,466822
Kabupaten Situbondo,3512,35,2019,39809,88509,128318,97733,42014,61315,31621,92936,NA,NA,27944,34035,395036
Kabupaten Probolinggo,3513,35,2019,47332,126972,174304,214023,84454,70389,43382,113771,NA,NA,27693,33612,620164
Kabupaten Pasuruan,3514,35,2019,26305,142504,168809,235857,153876,143638,107944,251582,NA,NA,39253,50961,861085
Kabupaten Sidoarjo,3515,35,2019,3736,25309,29045,139660,189660,271555,292919,564474,NA,NA,189130,230693,1153532
Kabupaten Mojokerto,3516,35,2019,8120,45365,53485,128331,133627,115495,115887,231382,NA,NA,44329,54553,601378
Kabupaten Jombang,3517,35,2019,5403,72062,77465,144994,169081,127608,111344,238952,NA,NA,49255,58626,689118
Kabupaten Nganjuk,3518,35,2019,11026,64890,75916,165992,125323,67526,70098,137624,NA,NA,35663,44325,549180
Kabupaten Madiun,3519,35,2019,10770,59204,69974,93581,76064,48803,56522,105325,NA,NA,29061,38578,383522
Kabupaten Magetan,3520,35,2019,8261,36017,44278,115116,67578,52921,54568,107489,NA,NA,24188,32600,367061
Kabupaten Ngawi,3521,35,2019,24732,70870,95602,137467,93709,62070,58148,120218,NA,NA,27005,33919,480915
Kabupaten Bojonegoro,3522,35,2019,55114,90684,145798,207901,156595,96736,44382,141118,NA,NA,44024,53227,704639
Kabupaten Tuban,3523,35,2019,36069,66990,103059,238982,117518,85778,46645,132423,NA,NA,35324,42901,634883
Kabupaten Lamongan,3524,35,2019,21501,65497,86998,154963,140371,131333,53762,185095,NA,NA,67432,77830,645257
Kabupaten Gresik,3525,35,2019,14282,34498,48780,123108,119702,180859,100995,281854,NA,NA,72083,83829,657273
Kabupaten Bangkalan,3526,35,2019,57065,72627,129692,182237,47899,55304,12684,67988,NA,NA,27694,30496,458312
Kabupaten Sampang,3527,35,2019,116575,94147,210722,123831,60849,48194,5414,53608,NA,NA,21933,24109,473119
Kabupaten Pamekasan,3528,35,2019,76887,55654,132541,126290,59405,65831,21450,87281,NA,NA,44582,50340,455857
Kabupaten Sumenep,3529,35,2019,114335,117740,232075,180285,96091,94368,5193,99561,NA,NA,39802,46333,654345
Kota Kediri,3571,35,2019,656,7094,7750,19575,24219,32923,26482,59405,NA,NA,29727,34853,145802
Kota Blitar,3572,35,2019,211,3822,4033,12717,13315,14890,18882,33772,NA,NA,12594,15606,79443
Kota Malang,3573,35,2019,584,27207,27791,74304,56977,86597,95070,181667,NA,NA,98692,117477,458216
Kota Probolinggo,3574,35,2019,1689,11648,13337,20491,15649,24590,21827,46417,NA,NA,15720,19314,115208
Kota Pasuruan,3575,35,2019,1597,12717,14314,14827,14173,21603,18230,39833,NA,NA,16230,19537,102684
Kota Mojokerto,3576,35,2019,128,2782,2910,7830,9720,14826,15750,30576,NA,NA,11096,13770,64806
Kota Madiun,3577,35,2019,NA,2469,NA,10344,11165,22999,22287,45286,NA,NA,19449,24841,94105
Kota Surabaya,3578,35,2019,6238,76158,82396,210141,219918,346714,317565,664279,NA,NA,329764,390112,1566846
Kota Batu,3579,35,2019,1201,8373,9574,26544,20050,23429,16775,40204,NA,NA,14541,18200,114572
Kabupaten Pacitan,3501,35,2020,5012,29604,34616,139607,91287,32901,41223,74124,NA,NA,23876,26651,366285
Kabupaten Ponorogo,3502,35,2020,9481,78787,88268,138339,110464,73978,53458,127436,NA,NA,43760,49274,513781
Kabupaten Trenggalek,3503,35,2020,1400,34102,35502,182773,94884,43531,43031,86562,NA,NA,23608,29614,429335
Kabupaten Tulungagung,3504,35,2020,2046,40725,42771,187870,152543,91096,74383,165479,NA,NA,48663,58048,606711
Kabupaten Blitar,3505,35,2020,5209,85450,90659,216091,151273,81874,69311,151185,NA,NA,37869,48387,657595
Kabupaten Kediri,3506,35,2020,5444,74153,79597,266335,202934,135384,125871,261255,NA,NA,56110,68490,878611
Kabupaten Malang,3507,35,2020,5540,169946,175486,516371,313050,190911,162844,353755,NA,NA,101944,125790,1484452
Kabupaten Lumajang,3508,35,2020,10492,75761,86253,262982,98267,60883,21905,82788,NA,NA,25175,27464,557754
Kabupaten Jember,3509,35,2020,70757,252225,322982,436910,210543,149857,115513,265370,NA,NA,61580,80847,1316652
Kabupaten Banyuwangi,3510,35,2020,13917,153426,167343,250547,190163,143925,100292,244217,NA,NA,57554,70503,922773
Kabupaten Bondowoso,3511,35,2020,28070,138670,166740,150423,60220,40883,23309,64192,NA,NA,25774,30443,472018
Kabupaten Situbondo,3512,35,2020,11565,90772,102337,124457,48905,67603,30171,97774,NA,NA,28750,34789,408262
Kabupaten Probolinggo,3513,35,2020,27272,140409,167681,245124,98141,85508,44785,130293,NA,NA,27488,32494,673733
Kabupaten Pasuruan,3514,35,2020,6169,127993,134162,279592,145463,137066,118953,256019,NA,NA,41542,53559,868795
Kabupaten Sidoarjo,3515,35,2020,2307,18279,20586,121510,202130,331933,289418,621351,NA,NA,183430,232659,1198236
Kabupaten Mojokerto,3516,35,2020,2039,53735,55774,146502,137496,115067,111430,226497,NA,NA,44304,54121,620390
Kabupaten Jombang,3517,35,2020,2691,52164,54855,169177,168546,128195,112369,240564,NA,NA,55382,64148,697290
Kabupaten Nganjuk,3518,35,2020,993,60183,61176,174385,123865,75465,76974,152439,NA,NA,32218,40146,552011
Kabupaten Madiun,3519,35,2020,5166,58860,64026,96362,78581,64490,55857,120347,NA,NA,27945,37054,396370
Kabupaten Magetan,3520,35,2020,1114,33773,34887,118437,76150,57045,60139,117184,NA,NA,26996,35105,381763
Kabupaten Ngawi,3521,35,2020,4514,73040,77554,159010,101546,56947,66383,123330,NA,NA,27222,34120,495560
Kabupaten Bojonegoro,3522,35,2020,20220,114975,135195,224889,146361,123124,60570,183694,NA,NA,51140,61962,752101
Kabupaten Tuban,3523,35,2020,15634,78648,94282,244239,140658,86000,67937,153937,NA,NA,38945,44643,677759
Kabupaten Lamongan,3524,35,2020,6085,54054,60139,183892,151147,159584,45542,205126,NA,NA,72299,81105,681409
Kabupaten Gresik,3525,35,2020,1231,35505,36736,144884,130073,182545,96228,278773,NA,NA,76752,94747,685213
Kabupaten Bangkalan,3526,35,2020,16270,82697,98967,212761,73729,80163,7831,87994,NA,NA,21616,26844,500295
Kabupaten Sampang,3527,35,2020,83483,133869,217352,132520,67246,62150,7643,69793,NA,NA,24957,26847,513758
Kabupaten Pamekasan,3528,35,2020,43958,72524,116482,147982,67849,78568,26792,105360,NA,NA,38160,42605,480278
Kabupaten Sumenep,3529,35,2020,97461,151010,248471,186607,90010,98223,7671,105894,NA,NA,32657,35459,666441
Kota Kediri,3571,35,2020,322,4077,4399,22065,24202,35387,28812,64199,NA,NA,31458,37400,152265
Kota Blitar,3572,35,2020,222,2830,3052,13764,12783,15285,18556,33841,NA,NA,12707,15005,78445
Kota Malang,3573,35,2020,0,28568,28568,70529,72182,87391,95990,183381,NA,NA,96636,115950,470610
Kota Probolinggo,3574,35,2020,1511,12051,13562,20711,20655,25509,24686,50195,NA,NA,19453,22794,127917
Kota Pasuruan,3575,35,2020,160,12040,12200,23269,13320,23643,18913,42556,NA,NA,13903,17166,108511
Kota Mojokerto,3576,35,2020,0,2569,2569,6743,9914,17386,17057,34443,NA,NA,13680,16251,69920
Kota Madiun,3577,35,2020,0,2705,2705,10954,11945,23506,25247,48753,NA,NA,20853,24172,98529
Kota Surabaya,3578,35,2020,1404,71751,73155,207836,209422,364391,344292,708683,NA,NA,324438,383468,1582564
Kota Batu,3579,35,2020,416,7762,8178,31515,20633,25804,18343,44147,NA,NA,12809,15247,119720
Kabupaten Cilacap,3301,33,2020,11430,156068,167498,280760,197509,79935,103696,183631,NA,NA,42426,58820,888218
Kabupaten Banyumas,3302,33,2020,7706,123183,130889,275653,170768,81438,138157,219595,NA,NA,60760,80650,877555
Kabupaten Purbalingga,3303,33,2020,3145,56291,59436,193758,114025,44156,55786,99942,NA,NA,26284,33100,500261
Kabupaten Banjarnegara,3304,33,2020,4742,71578,76320,208082,87291,45245,43592,88837,NA,NA,27971,34637,495167
Kabupaten Kebumen,3305,33,2020,1029,57199,58228,247829,119495,53876,114646,168522,NA,NA,29993,39613,633687
Kabupaten Purworejo,3306,33,2020,3036,38145,41181,108573,91305,46469,74150,120619,NA,NA,24057,33209,394887
Kabupaten Wonosobo,3307,33,2020,1799,33555,35354,230436,75315,37398,24962,62360,NA,NA,19659,24713,428178
Kabupaten Magelang,3308,33,2020,7256,94302,101558,241098,167848,79588,120454,200042,NA,NA,41040,63818,774364
Kabupaten Boyolali,3309,33,2020,8808,78954,87762,147659,125424,72777,103692,176469,NA,NA,29385,42918,580232
Kabupaten Klaten,3310,33,2020,9244,53643,62887,115675,116990,104373,165920,270293,NA,NA,51057,75400,641245
Kabupaten Sukoharjo,3311,33,2020,4111,22979,27090,104234,99608,80606,104112,184718,NA,NA,51049,72600,488250
Kabupaten Wonogiri,3312,33,2020,6380,55116,61496,229287,118527,53261,77326,130587,NA,NA,30566,42836,582733
Kabupaten Karanganyar,3313,33,2020,11953,39373,51326,123864,128803,77908,86061,163969,NA,NA,28446,47183,515145
Kabupaten Sragen,3314,33,2020,18489,71140,89629,118204,89720,66884,71508,138392,NA,NA,33619,45817,481762
Kabupaten Grobogan,3315,33,2020,7854,65346,73200,332302,158365,93207,46648,139855,NA,NA,32753,40683,744405
Kabupaten Blora,3316,33,2020,20228,71718,91946,147153,105088,58850,56011,114861,NA,NA,26202,33023,492071
Kabupaten Rembang,3317,33,2020,6809,37352,44161,116078,72427,46376,28842,75218,NA,NA,18017,22899,330783
Kabupaten Pati,3318,33,2020,13626,77250,90876,205433,132356,106293,57723,164016,NA,NA,36653,45269,637950
Kabupaten Kudus,3319,33,2020,1316,29625,30941,123396,118232,116922,62902,179824,NA,NA,52239,59926,512319
Kabupaten Jepara,3320,33,2020,5230,58707,63937,221637,168470,125456,52498,177954,NA,NA,42655,47909,679907
Kabupaten Demak,3321,33,2020,5233,57692,62925,181117,143674,134917,52783,187700,NA,NA,38015,44476,619892
Kabupaten Semarang,3322,33,2020,3026,79463,82489,159064,147284,79983,113957,193940,NA,NA,31027,46261,629038
Kabupaten Temanggung,3323,33,2020,4599,63272,67871,124627,77698,27667,37674,65341,NA,NA,16222,21619,357156
Kabupaten Kendal,3324,33,2020,2284,73271,75555,141390,107696,84587,73765,158352,NA,NA,38077,50383,533376
Kabupaten Batang,3325,33,2020,1317,59478,60795,154701,85811,46759,38806,85565,NA,NA,24273,29704,416576
Kabupaten Pekalongan,3326,33,2020,4120,62594,66714,182469,101388,47510,47584,95094,NA,NA,27311,34766,480431
Kabupaten Pemalang,3327,33,2020,9993,96910,106903,240376,120066,61292,73311,134603,NA,NA,28974,36622,638570
Kabupaten Tegal,3328,33,2020,1269,126891,128160,237140,127455,71788,102900,174688,NA,NA,35289,47781,715224
Kabupaten Brebes,3329,33,2020,25548,160759,186307,352247,147840,95047,91613,186660,NA,NA,27502,37501,910555
Kota Magelang,3371,33,2020,399,3886,4285,7895,9487,14177,16877,31054,NA,NA,9782,13590,66311
Kota Surakarta,3372,33,2020,329,12483,12812,40518,49788,51308,75269,126577,NA,NA,39947,59264,288959
Kota Salatiga,3373,33,2020,223,7360,7583,16237,16410,23153,24292,47445,NA,NA,17097,22581,110256
Kota Semarang,3374,33,2020,3457,56194,59651,114081,138571,193509,239532,433041,NA,NA,212954,278620,1023964
Kota Pekalongan,3375,33,2020,354,9075,9429,45399,31328,31500,21724,53224,NA,NA,14399,17880,157260
Kota Tegal,3376,33,2020,149,12983,13132,29523,20718,19356,25883,45239,NA,NA,11946,15978,124590
Kabupaten Bogor,3201,32,2020,NA,NA,273564,671524,489224,462901,522321,985222,NA,NA,NA,314136,2733670
Kabupaten Sukabumi,3202,32,2020,NA,NA,6437,531883,269286,155116,72272,227388,NA,NA,NA,53906,1146833
Kabupaten Cianjur,3203,32,2020,NA,NA,158462,566072,184776,11549,96689,108238,NA,NA,NA,64106,1185595
Kabupaten Bandung,3204,32,2020,NA,NA,38071,540313,453015,357854,179003,536857,NA,NA,NA,14912,1717376
Kabupaten Garut,3205,32,2020,NA,NA,109491,507345,232822,183258,62822,246080,NA,NA,NA,60442,1156180
Kabupaten Tasikmalaya,3206,32,2020,NA,NA,41788,513248,163971,97561,62906,160467,NA,NA,NA,65232,944706
Kabupaten Ciamis,3207,32,2020,NA,NA,24879,355499,131176,70341,5827,76168,NA,NA,NA,39027,679192
Kabupaten Kuningan,3208,32,2020,NA,NA,39051,221559,86022,6772,69707,76479,NA,NA,NA,37618,521677
Kabupaten Cirebon,3209,32,2020,NA,NA,181914,310896,173231,162184,173509,335693,NA,NA,NA,58628,1060362
Kabupaten Majalengka,3210,32,2020,NA,NA,55857,324525,106656,75353,57827,133180,NA,NA,NA,44156,664374
Kabupaten Sumedang,3211,32,2020,NA,NA,1851,238667,122598,95254,94737,189991,NA,NA,NA,67902,637668
Kabupaten Indramayu,3212,32,2020,NA,NA,269324,243462,151306,124019,99216,223235,NA,NA,NA,53379,940706
Kabupaten Subang,3213,32,2020,NA,NA,10104,284653,178509,113137,82547,195684,NA,NA,NA,64581,824467
Kabupaten Purwakarta,3214,32,2020,NA,NA,28112,13091,82901,88783,70826,159609,NA,NA,NA,30896,432428
Kabupaten Karawang,3215,32,2020,NA,NA,15176,311758,204999,216185,191122,407307,NA,NA,NA,86809,1162633
Kabupaten Bekasi,3216,32,2020,NA,NA,123532,301627,255073,447862,461721,909583,NA,NA,NA,250851,1840666
Kabupaten Bandung Barat,3217,32,2020,NA,NA,47268,301211,152408,122699,73857,196556,NA,NA,NA,50201,747644
Kabupaten Pangandaran,3218,32,2020,NA,NA,14538,114473,53444,27554,19348,46902,NA,NA,NA,16262,245619
Kota Bogor,3271,32,2020,NA,NA,17709,99235,7801,100172,12139,112311,NA,NA,NA,97807,514323
Kota Sukabumi,3272,32,2020,NA,NA,1459,34089,23344,34012,23676,57688,NA,NA,NA,23077,139657
Kota Bandung,3273,32,2020,NA,NA,20723,19581,213338,368024,20933,388957,NA,NA,NA,307705,1314930
Kota Cirebon,3274,32,2020,NA,NA,17154,24747,20439,38983,27135,66118,NA,NA,NA,28042,156500
Kota Bekasi,3275,32,2020,NA,NA,41264,140617,210888,340517,343384,683901,NA,NA,NA,433171,1509841
Kota Depok,3276,32,2020,NA,NA,40378,12038,154005,264561,290931,555492,NA,NA,NA,325377,1195632
Kota Cimahi,3277,32,2020,NA,NA,6331,3296,52442,74518,66103,140621,NA,NA,NA,614,293754
Kota Tasikmalaya,3278,32,2020,NA,NA,803,118442,66577,61179,54301,115480,NA,NA,NA,34756,343285
Kota Banjar,3279,32,2020,NA,NA,6429,31797,17236,12933,17763,30696,NA,NA,NA,12054,98212
Kabupaten Kep. Seribu,3101,31,2020,NA,NA,495,3302,2088,2746,960,3706,NA,NA,104,252,10779
Kota Jakarta Selatan,3171,31,2020,NA,NA,41467,128292,131669,261302,305839,567141,NA,NA,201419,265426,1133995
Kota Jakarta Timur,3172,31,2020,NA,NA,32811,128161,180109,322543,354898,677441,NA,NA,271484,367969,1386491
Kota Jakarta Pusat,3173,31,2020,NA,NA,14269,44323,61633,119512,113773,233285,NA,NA,80058,106523,460033
Kota Jakarta Barat,3174,31,2020,NA,NA,41729,199603,276764,323049,281146,604195,NA,NA,143805,186507,1308798
Kota Jakarta Utara,3175,31,2020,NA,NA,33339,143003,163312,235634,223393,459027,NA,NA,94209,133254,931935
Kabupaten Kulon Progo,3401,34,2020,NA,NA,5874,10570,12679,14369,19214,33583,NA,NA,9584,11923,74629
Kabupaten Bantul,3402,34,2020,NA,NA,45309,92556,79457,110220,128799,239019,NA,NA,77511,104106,560447
Kabupaten Gunungkidul,3403,34,2020,NA,NA,4702,14086,13535,12957,10375,23332,NA,NA,5052,7750,63405
Kabupaten Sleman,3404,34,2020,NA,NA,39654,60125,95272,148847,175239,324086,NA,NA,130144,176927,696064
Kota Yogyakarta,3471,34,2020,NA,NA,9698,26657,32834,55148,60456,115604,NA,NA,48374,62299,247092
Kabupaten Pandeglang,3601,36,2020,NA,NA,49095,250457,104303,NA,NA,93043,NA,NA,NA,32664,529562
Kabupaten Lebak,3602,36,2020,NA,NA,84187,324428,113319,NA,NA,107902,NA,NA,NA,30070,659906
Kabupaten Tangerang,3603,36,2020,NA,NA,150768,426539,366752,NA,NA,718684,NA,NA,NA,173983,1836726
Kabupaten Serang,3604,36,2020,NA,NA,66812,211053,170862,NA,NA,215217,NA,NA,NA,35914,699858
Kota Tangerang,3671,36,2020,NA,NA,42408,117171,184943,NA,NA,552313,NA,NA,NA,230764,1127599
Kota Cilegon,3672,36,2020,NA,NA,14083,32857,33647,NA,NA,95614,NA,NA,NA,28474,204675
Kota Serang,3673,36,2020,NA,NA,25096,74343,53532,NA,NA,116175,NA,NA,NA,53338,322484
Kota Tangerang Selatan,3674,36,2020,NA,NA,30032,87848,114037,NA,NA,380171,NA,NA,NA,220335,832423
